cycle, train_test, phonlength, binary_acc, mse, loss
9, train, 4, 0.9947282075881958, 0.003979359287768602, 0.014647835865616798
9, train, 5, 0.9888494610786438, 0.008497379720211029, 0.030043387785553932
9, train, 6, 0.9852310419082642, 0.011260597966611385, 0.040263790637254715
9, train, 7, 0.9813852310180664, 0.013511000201106071, 0.04511769115924835
9, train, 8, 0.9962121248245239, 0.001726916991174221, 0.007881538942456245
9, test, 4, 0.98980712890625, 0.007874421775341034, 0.030185921117663383
9, test, 5, 0.987393856048584, 0.009536265395581722, 0.03374128043651581
9, test, 6, 0.9747475385665894, 0.020481809973716736, 0.08177521079778671
