cycle, train_test, phonlength, binary_acc, mse, loss
9, train, 4, 0.9375808238983154, 0.047676097601652145, 0.17564348876476288
9, train, 5, 0.9735984206199646, 0.019554980099201202, 0.06579280644655228
9, train, 6, 0.963498592376709, 0.02640836127102375, 0.08695393055677414
9, train, 7, 0.9601732492446899, 0.030554072931408882, 0.12135857343673706
9, train, 8, 0.9583333730697632, 0.027439475059509277, 0.08708970248699188
9, test, 4, 0.9356749653816223, 0.04894198104739189, 0.1793200820684433
9, test, 5, 0.9727676510810852, 0.019755098968744278, 0.066162109375
9, test, 6, 0.9665704965591431, 0.02631460875272751, 0.0926283597946167
