cycle, train_test, phonlength, binary_acc, mse, loss
9, train, 4, 0.9951150417327881, 0.0037413842510432005, 0.013545443303883076
9, train, 5, 0.9965527653694153, 0.0025958481710404158, 0.009535296820104122
9, train, 6, 0.9990562200546265, 0.0008335264283232391, 0.004096181131899357
9, train, 7, 1.0, 0.0005814227042719722, 0.004125234670937061
9, train, 8, 1.0, 4.213306965539232e-05, 0.0011001515667885542
9, test, 4, 0.9884296655654907, 0.009182045236229897, 0.03720980882644653
9, test, 5, 0.9921615123748779, 0.006338056642562151, 0.025410639122128487
9, test, 6, 0.9884560108184814, 0.008903054520487785, 0.03256215527653694
