cycle, train_test, phonlength, binary_acc, mse, loss
9, train, 4, 0.9993937611579895, 0.00046751985792070627, 0.0018234080635011196
9, train, 5, 0.9999377131462097, 6.432402005884796e-05, 0.00035426957765594125
9, train, 6, 0.9997959136962891, 0.0001777626312104985, 0.0008191955275833607
9, train, 7, 1.0, 4.544729392819136e-08, 3.453428507782519e-05
9, train, 8, 1.0, 1.027953944188198e-09, 8.913160854717717e-06
9, test, 4, 0.9940771460533142, 0.005446118302643299, 0.03664568439126015
9, test, 5, 0.9967676401138306, 0.0025595230981707573, 0.013552533462643623
9, test, 6, 0.9920634627342224, 0.006270571146160364, 0.031789857894182205
