cycle, train_test, phonlength, binary_acc, mse, loss
9, train, 4, 0.953344464302063, 0.03770231083035469, 0.15220092236995697
9, train, 5, 0.9843817949295044, 0.011639388278126717, 0.04034532979130745
9, train, 6, 0.9726048707962036, 0.020625688135623932, 0.07038384675979614
9, train, 7, 0.9701298475265503, 0.02398611791431904, 0.08586691319942474
9, train, 8, 0.9924242496490479, 0.006614973768591881, 0.027213959023356438
9, test, 4, 0.9483472108840942, 0.041315190494060516, 0.16926412284374237
9, test, 5, 0.9819798469543457, 0.013511852361261845, 0.04564656689763069
9, test, 6, 0.9680134654045105, 0.02435295283794403, 0.08626206964254379
