cycle, train_test, phonlength, binary_acc, mse, loss
9, train, 4, 0.997482419013977, 0.001956400228664279, 0.007980703376233578
9, train, 5, 0.9993653297424316, 0.000504718569573015, 0.002590839983895421
9, train, 6, 0.998954176902771, 0.0008254030253738165, 0.004618488717824221
9, train, 7, 1.0, 4.513414296525298e-06, 0.00015564652858301997
9, train, 8, 1.0, 3.798853676073577e-09, 1.3667307939613238e-05
9, test, 4, 0.9900826215744019, 0.008454995229840279, 0.04292295500636101
9, test, 5, 0.9959595799446106, 0.003578965784981847, 0.016402918845415115
9, test, 6, 0.9891775250434875, 0.009230216033756733, 0.04173778370022774
