cycle, train_test, phonlength, binary_acc, mse, loss
9, train, 4, 0.991973876953125, 0.006157570518553257, 0.023493822664022446
9, train, 5, 0.9994461536407471, 0.00043054859270341694, 0.001885222620330751
9, train, 6, 0.99977046251297, 0.0002016783255385235, 0.0011697085574269295
9, train, 7, 1.0, 3.1976719583326485e-06, 0.0003157905593980104
9, train, 8, 1.0, 4.0257312150515645e-08, 6.492834654636681e-05
9, test, 4, 0.9840908646583557, 0.012573644518852234, 0.054686255753040314
9, test, 5, 0.9956362843513489, 0.0033502683509141207, 0.013299906626343727
9, test, 6, 0.9956709742546082, 0.003945714328438044, 0.016532383859157562
