cycle, phonlength, accuracy, loss
1, 4, 0.9644390940666199, 5.671888828277588
1, 5, 0.9775633811950684, 4.264156818389893
1, 6, 0.9809482097625732, 3.8131542205810547
1, 7, 0.9813961982727051, 3.7789056301116943
1, 8, 0.9924242496490479, 3.005650758743286
10, 4, 0.9767420887947083, 4.790116310119629
10, 5, 0.9877613186836243, 3.861147880554199
10, 6, 0.9889787435531616, 3.629112482070923
10, 7, 0.9898350238800049, 3.451404333114624
10, 8, 1.0, 2.751708507537842
