cycle, phonlength, accuracy, loss
1, 4, 0.9342032074928284, 7.7199625968933105
1, 5, 0.9514498710632324, 6.172607898712158
1, 6, 0.9604519605636597, 5.1369218826293945
1, 7, 0.962956964969635, 4.4163665771484375
1, 8, 0.978219747543335, 3.4808759689331055
10, 4, 0.9615051746368408, 5.919488430023193
10, 5, 0.9789577126502991, 4.214970111846924
10, 6, 0.9845221638679504, 3.6716487407684326
10, 7, 0.9836702942848206, 3.6223232746124268
10, 8, 0.9914772510528564, 3.0189337730407715
