cycle, phonlength, accuracy, loss
1, 4, 0.8880959153175354, 8.823904037475586
1, 5, 0.8872942924499512, 7.995472431182861
1, 6, 0.9008517265319824, 7.130998611450195
1, 7, 0.9059126377105713, 6.532777309417725
1, 8, 0.9166666865348816, 5.606307029724121
10, 4, 0.9616515636444092, 5.043396949768066
10, 5, 0.965670645236969, 4.644976615905762
10, 6, 0.9553425908088684, 5.173330307006836
10, 7, 0.9470382332801819, 5.364772796630859
10, 8, 0.9450758099555969, 4.849076271057129
